<?xml version="1.0" encoding="UTF-8" standalone="yes"?>
<addon id="EFFEM TV" name="EFFEM TV" version="0.1.0" provider-name="EFFEM TV">
  <extension point="xbmc.addon.repository" name="Effem TV">
    <dir>
      <info compressed="false">https://raw.githubusercontent.com/Dmaurice85/Effem_TV/master/zips/addons.xml</info>
      <checksum>https://raw.githubusercontent.com/Dmaurice85/Effem_TV/master/zips/addons.xml.md5</checksum>
      <datadir zip="true">https://raw.githubusercontent.com/Dmaurice85/Effem_TV/master/zips/</datadir>
    </dir>
  </extension>
  <extension point="xbmc.addon.metadata">
    <summary>EFFEM TV</summary>
    <description>Effem TV - Supplier of Great Quality and Stable Streams</description>
    <disclaimer/>
    <platform>all</platform>
    <assets>
      <icon>icon.png</icon>
      <fanart>fanart.jpg</fanart>
    </assets>
  </extension>
</addon>
