<?xml version="1.0" encoding="UTF-8" standalone="yes"?>
<addon id="EFFEM_TV" name="EFFEM_TV" version="0.0.1" provider-name="DMAURICE85">
    <extension point="xbmc.addon.repository" name="EFFEM_TV">
        <dir>
            <info compressed="false">https://raw.githubusercontent.com/DMAURICE85/EFFEM_TV/MASTER/zips/addons.xml</info>
            <checksum>https://raw.githubusercontent.com/DMAURICE85/EFFEM_TV/MASTER/zips/addons.xml.md5</checksum>
            <datadir zip="true">https://raw.githubusercontent.com/DMAURICE85/EFFEM_TV/MASTER/zips/</datadir>
        </dir>
    </extension>
    <extension point="xbmc.addon.metadata">
        <summary>EFFEM_TV</summary>
        <description>EFFEM_TV - LIVE STREAMING</description>
        <disclaimer></disclaimer>
        <platform>all</platform>
        <assets>
            <icon>icon.png</icon>
            <fanart>fanart.jpg</fanart>
        </assets>
    </extension>
</addon>